Question_Index,Query,Method,Pearson,Spearman,NDCG,KendallTau,Precision_at_1,Precision_at_2,Precision_at_3,Precision_at_5,Hit_rate_at_k,Reciprocal_Rank,Num_Items
0,What are the two primary materials used to construct a Xylotian 'Sky-Skiff' hull?,ContextCite32,0.9559738676420638,0.8424242424242423,1.0,0.7333333333333333,1.0,1.0,1.0,0.8,1,1.0,10
0,What are the two primary materials used to construct a Xylotian 'Sky-Skiff' hull?,KernelShap32,0.9903383771775458,0.9030303030303028,1.0,0.8222222222222221,1.0,1.0,1.0,1.0,1,1.0,10
0,What are the two primary materials used to construct a Xylotian 'Sky-Skiff' hull?,WSS32,0.6668696735676678,0.6121212121212121,0.6139955371626687,0.4222222222222222,0.0,0.5,0.6666666666666666,0.8,1,1.0,10
0,What are the two primary materials used to construct a Xylotian 'Sky-Skiff' hull?,BetaShap (U)32,0.7948570076696886,0.6848484848484848,0.9116996469875738,0.5111111111111111,1.0,1.0,0.6666666666666666,0.6,1,1.0,10
0,What are the two primary materials used to construct a Xylotian 'Sky-Skiff' hull?,TMC32,0.9408077181173855,0.8909090909090909,1.0,0.7333333333333333,1.0,1.0,1.0,0.8,1,1.0,10
0,What are the two primary materials used to construct a Xylotian 'Sky-Skiff' hull?,ContextCite64,0.9855054645407167,0.9272727272727272,1.0,0.8666666666666666,1.0,1.0,1.0,1.0,1,1.0,10
0,What are the two primary materials used to construct a Xylotian 'Sky-Skiff' hull?,KernelShap64,0.9975112581276252,0.9393939393939393,1.0,0.8222222222222221,1.0,1.0,1.0,0.8,1,1.0,10
0,What are the two primary materials used to construct a Xylotian 'Sky-Skiff' hull?,WSS64,0.9803411619539706,0.9151515151515152,1.0,0.8222222222222221,1.0,1.0,1.0,0.8,1,1.0,10
0,What are the two primary materials used to construct a Xylotian 'Sky-Skiff' hull?,BetaShap (U)64,0.774910754921061,0.406060606060606,0.9051381920068868,0.28888888888888886,1.0,1.0,0.6666666666666666,0.4,1,1.0,10
0,What are the two primary materials used to construct a Xylotian 'Sky-Skiff' hull?,TMC64,0.9621219710470544,0.8060606060606059,0.9609301079699,0.6444444444444444,1.0,1.0,0.6666666666666666,0.8,1,1.0,10
0,What are the two primary materials used to construct a Xylotian 'Sky-Skiff' hull?,ContextCite100,0.9884231291634684,0.9151515151515152,1.0,0.8222222222222221,1.0,1.0,1.0,0.8,1,1.0,10
0,What are the two primary materials used to construct a Xylotian 'Sky-Skiff' hull?,KernelShap100,0.996286189386077,0.8909090909090909,1.0,0.7777777777777777,1.0,1.0,1.0,0.8,1,1.0,10
0,What are the two primary materials used to construct a Xylotian 'Sky-Skiff' hull?,WSS100,0.9885745274353511,0.9999999999999999,1.0,0.9999999999999999,1.0,1.0,1.0,1.0,1,1.0,10
0,What are the two primary materials used to construct a Xylotian 'Sky-Skiff' hull?,BetaShap (U)100,0.8693923279778519,0.6848484848484848,0.9116996469875738,0.6,1.0,1.0,0.6666666666666666,0.6,1,1.0,10
0,What are the two primary materials used to construct a Xylotian 'Sky-Skiff' hull?,TMC100,0.9800411326633499,0.8666666666666665,0.9609301079699,0.7333333333333333,1.0,1.0,0.6666666666666666,0.8,1,1.0,10
0,What are the two primary materials used to construct a Xylotian 'Sky-Skiff' hull?,LOO,0.9266621337104324,0.6,1.0,0.4666666666666666,1.0,1.0,1.0,0.6,1,1.0,10
1,What two distinct abilities does a Xylotian 'Chrono-Weaver' possess?,ContextCite32,0.9985994599935963,0.8545454545454544,1.0,0.7333333333333333,1.0,1.0,1.0,0.8,1,1.0,10
1,What two distinct abilities does a Xylotian 'Chrono-Weaver' possess?,KernelShap32,0.9961931660062441,0.6969696969696969,0.9925750364738997,0.5555555555555555,1.0,1.0,0.6666666666666666,0.6,1,1.0,10
1,What two distinct abilities does a Xylotian 'Chrono-Weaver' possess?,WSS32,0.9572636107287446,0.8545454545454544,0.9803607401792748,0.6444444444444444,0.0,1.0,0.6666666666666666,0.8,1,1.0,10
1,What two distinct abilities does a Xylotian 'Chrono-Weaver' possess?,BetaShap (U)32,0.893763956210207,0.6,0.9803607401792748,0.4222222222222222,0.0,1.0,0.6666666666666666,0.8,1,1.0,10
1,What two distinct abilities does a Xylotian 'Chrono-Weaver' possess?,TMC32,0.9846169448047786,0.6121212121212121,0.9925750364738997,0.4666666666666666,1.0,1.0,0.6666666666666666,0.8,1,1.0,10
1,What two distinct abilities does a Xylotian 'Chrono-Weaver' possess?,ContextCite64,0.9972000471199767,0.8666666666666665,1.0,0.7777777777777777,1.0,1.0,1.0,0.8,1,1.0,10
1,What two distinct abilities does a Xylotian 'Chrono-Weaver' possess?,KernelShap64,0.9978482287299542,0.8666666666666665,0.9925750364738997,0.7333333333333333,1.0,1.0,0.6666666666666666,0.8,1,1.0,10
1,What two distinct abilities does a Xylotian 'Chrono-Weaver' possess?,WSS64,0.9984637077058887,0.9151515151515152,1.0,0.8222222222222221,1.0,1.0,1.0,0.8,1,1.0,10
1,What two distinct abilities does a Xylotian 'Chrono-Weaver' possess?,BetaShap (U)64,0.8454396427484403,0.5151515151515151,0.9803607401792748,0.37777777777777777,0.0,1.0,0.6666666666666666,0.8,1,1.0,10
1,What two distinct abilities does a Xylotian 'Chrono-Weaver' possess?,TMC64,0.9926953842029141,0.4787878787878787,0.9925750364738997,0.3333333333333333,1.0,1.0,0.6666666666666666,0.8,1,1.0,10
1,What two distinct abilities does a Xylotian 'Chrono-Weaver' possess?,ContextCite100,0.9972426806266301,0.7575757575757575,0.9925750364738997,0.6,1.0,1.0,0.6666666666666666,0.8,1,1.0,10
1,What two distinct abilities does a Xylotian 'Chrono-Weaver' possess?,KernelShap100,0.9983622918674673,0.9030303030303028,1.0,0.7777777777777777,1.0,1.0,1.0,0.8,1,1.0,10
1,What two distinct abilities does a Xylotian 'Chrono-Weaver' possess?,WSS100,0.9971403246322975,0.7575757575757575,0.9925750364738997,0.6444444444444444,1.0,1.0,0.6666666666666666,0.8,1,1.0,10
1,What two distinct abilities does a Xylotian 'Chrono-Weaver' possess?,BetaShap (U)100,0.9096933690594493,0.4787878787878787,0.9925750364738997,0.4222222222222222,1.0,1.0,0.6666666666666666,0.6,1,1.0,10
1,What two distinct abilities does a Xylotian 'Chrono-Weaver' possess?,TMC100,0.9948107364774358,0.6242424242424242,0.9925750364738997,0.4666666666666666,1.0,1.0,0.6666666666666666,0.8,1,1.0,10
1,What two distinct abilities does a Xylotian 'Chrono-Weaver' possess?,LOO,0.995873230474664,0.29696969696969694,0.9925750364738997,0.19999999999999998,1.0,1.0,0.6666666666666666,0.6,1,1.0,10
2,What are the two key functions of 'Symbiotic Spores' in Xylotian terraforming pods?,ContextCite32,0.9923485534761207,0.9151515151515152,0.9937747231796636,0.8222222222222221,1.0,1.0,0.6666666666666666,0.8,1,1.0,10
2,What are the two key functions of 'Symbiotic Spores' in Xylotian terraforming pods?,KernelShap32,0.996911819568538,0.7333333333333332,0.9937747231796636,0.6,1.0,1.0,0.6666666666666666,0.6,1,1.0,10
2,What are the two key functions of 'Symbiotic Spores' in Xylotian terraforming pods?,WSS32,0.8408454159545609,0.5151515151515151,0.9082872490336843,0.37777777777777777,0.0,1.0,0.6666666666666666,0.8,1,1.0,10
2,What are the two key functions of 'Symbiotic Spores' in Xylotian terraforming pods?,BetaShap (U)32,0.981534296928042,0.5515151515151515,1.0,0.4222222222222222,1.0,1.0,1.0,0.6,1,1.0,10
2,What are the two key functions of 'Symbiotic Spores' in Xylotian terraforming pods?,TMC32,0.9934526722640491,0.5030303030303029,1.0,0.3333333333333333,1.0,1.0,1.0,0.6,1,1.0,10
2,What are the two key functions of 'Symbiotic Spores' in Xylotian terraforming pods?,ContextCite64,0.9983696071851552,0.7818181818181817,0.9937747231796636,0.6444444444444444,1.0,1.0,0.6666666666666666,0.6,1,1.0,10
2,What are the two key functions of 'Symbiotic Spores' in Xylotian terraforming pods?,KernelShap64,0.9983848623153585,0.9030303030303028,1.0,0.8222222222222221,1.0,1.0,1.0,0.8,1,1.0,10
2,What are the two key functions of 'Symbiotic Spores' in Xylotian terraforming pods?,WSS64,0.9993710039377026,0.9151515151515152,1.0,0.8222222222222221,1.0,1.0,1.0,0.8,1,1.0,10
2,What are the two key functions of 'Symbiotic Spores' in Xylotian terraforming pods?,BetaShap (U)64,0.9831272562155591,0.8787878787878788,1.0,0.7333333333333333,1.0,1.0,1.0,0.6,1,1.0,10
2,What are the two key functions of 'Symbiotic Spores' in Xylotian terraforming pods?,TMC64,0.995464967912153,0.7575757575757575,1.0,0.6444444444444444,1.0,1.0,1.0,0.8,1,1.0,10
2,What are the two key functions of 'Symbiotic Spores' in Xylotian terraforming pods?,ContextCite100,0.9997094275030887,0.9636363636363635,1.0,0.911111111111111,1.0,1.0,1.0,0.8,1,1.0,10
2,What are the two key functions of 'Symbiotic Spores' in Xylotian terraforming pods?,KernelShap100,0.999102875974949,0.9151515151515152,1.0,0.8222222222222221,1.0,1.0,1.0,0.8,1,1.0,10
2,What are the two key functions of 'Symbiotic Spores' in Xylotian terraforming pods?,WSS100,0.9996600859516696,0.9636363636363635,1.0,0.911111111111111,1.0,1.0,1.0,0.8,1,1.0,10
2,What are the two key functions of 'Symbiotic Spores' in Xylotian terraforming pods?,BetaShap (U)100,0.974998243600622,0.8303030303030302,0.9959652702391514,0.6888888888888888,1.0,1.0,0.6666666666666666,0.8,1,1.0,10
2,What are the two key functions of 'Symbiotic Spores' in Xylotian terraforming pods?,TMC100,0.9983197814242784,0.9515151515151514,1.0,0.8666666666666666,1.0,1.0,1.0,0.8,1,1.0,10
2,What are the two key functions of 'Symbiotic Spores' in Xylotian terraforming pods?,LOO,0.9965369452318763,0.6,0.9869157889205172,0.4666666666666666,1.0,1.0,0.6666666666666666,0.6,1,1.0,10
3,What two types of energy are harvested by the 'Dual-Resonance Crystals' of Xylos?,ContextCite32,0.9405969236557217,0.8545454545454544,0.9665737859296434,0.6444444444444444,0.0,1.0,0.6666666666666666,0.8,1,1.0,10
3,What two types of energy are harvested by the 'Dual-Resonance Crystals' of Xylos?,KernelShap32,0.9516560010602142,0.41818181818181815,1.0,0.24444444444444444,1.0,1.0,1.0,0.6,1,1.0,10
3,What two types of energy are harvested by the 'Dual-Resonance Crystals' of Xylos?,WSS32,0.95642059374058,0.2121212121212121,0.9837834079199507,0.1111111111111111,1.0,1.0,0.6666666666666666,0.6,1,1.0,10
3,What two types of energy are harvested by the 'Dual-Resonance Crystals' of Xylos?,BetaShap (U)32,-0.6030961618645312,-0.17575757575757575,0.043944744651545416,-0.06666666666666667,0.0,0.0,0.3333333333333333,0.6,1,1.0,10
3,What two types of energy are harvested by the 'Dual-Resonance Crystals' of Xylos?,TMC32,0.9275861763097641,0.7939393939393938,1.0,0.6444444444444444,1.0,1.0,1.0,0.8,1,1.0,10
3,What two types of energy are harvested by the 'Dual-Resonance Crystals' of Xylos?,ContextCite64,0.9938119331011647,0.7818181818181817,0.9952949684113973,0.6,1.0,1.0,0.6666666666666666,0.8,1,1.0,10
3,What two types of energy are harvested by the 'Dual-Resonance Crystals' of Xylos?,KernelShap64,0.9764025293917684,0.5151515151515151,1.0,0.3333333333333333,1.0,1.0,1.0,0.8,1,1.0,10
3,What two types of energy are harvested by the 'Dual-Resonance Crystals' of Xylos?,WSS64,0.9873890230651301,0.5515151515151515,1.0,0.37777777777777777,1.0,1.0,1.0,0.6,1,1.0,10
3,What two types of energy are harvested by the 'Dual-Resonance Crystals' of Xylos?,BetaShap (U)64,-0.265433911905395,0.01818181818181818,0.043944744651545416,0.06666666666666667,0.0,0.0,0.3333333333333333,0.4,1,1.0,10
3,What two types of energy are harvested by the 'Dual-Resonance Crystals' of Xylos?,TMC64,0.8445147376718037,0.9151515151515152,1.0,0.8222222222222221,1.0,1.0,1.0,0.8,1,1.0,10
3,What two types of energy are harvested by the 'Dual-Resonance Crystals' of Xylos?,ContextCite100,0.9878068689552569,0.7454545454545454,1.0,0.6444444444444444,1.0,1.0,1.0,0.6,1,1.0,10
3,What two types of energy are harvested by the 'Dual-Resonance Crystals' of Xylos?,KernelShap100,0.9869927640298504,0.6121212121212121,1.0,0.4222222222222222,1.0,1.0,1.0,0.8,1,1.0,10
3,What two types of energy are harvested by the 'Dual-Resonance Crystals' of Xylos?,WSS100,0.99800085249908,0.9030303030303028,1.0,0.8222222222222221,1.0,1.0,1.0,0.8,1,1.0,10
3,What two types of energy are harvested by the 'Dual-Resonance Crystals' of Xylos?,BetaShap (U)100,0.46987749320156436,0.6727272727272726,0.665283684148312,0.6,1.0,0.5,0.6666666666666666,0.8,1,1.0,10
3,What two types of energy are harvested by the 'Dual-Resonance Crystals' of Xylos?,TMC100,0.9437158757100828,0.9515151515151514,1.0,0.8666666666666666,1.0,1.0,1.0,1.0,1,1.0,10
3,What two types of energy are harvested by the 'Dual-Resonance Crystals' of Xylos?,LOO,0.9795146859554948,0.6969696969696969,0.9646587068942122,0.5111111111111111,0.0,1.0,0.6666666666666666,0.8,1,1.0,10
4,What are the two main defensive mechanisms of a Xylotian 'Guardian Orb' drone?,ContextCite32,0.9949067172167816,0.9151515151515152,0.9999999999999998,0.8222222222222221,1.0,1.0,1.0,0.8,1,1.0,10
4,What are the two main defensive mechanisms of a Xylotian 'Guardian Orb' drone?,KernelShap32,0.9917998387552721,0.9636363636363635,0.9999999999999998,0.911111111111111,1.0,1.0,1.0,1.0,1,1.0,10
4,What are the two main defensive mechanisms of a Xylotian 'Guardian Orb' drone?,WSS32,0.9274388717157331,0.6121212121212121,0.9999999999999998,0.5111111111111111,1.0,1.0,1.0,0.6,1,1.0,10
4,What are the two main defensive mechanisms of a Xylotian 'Guardian Orb' drone?,BetaShap (U)32,0.9661429590790356,0.34545454545454546,0.9784577618746235,0.24444444444444444,1.0,1.0,0.6666666666666666,0.4,1,1.0,10
4,What are the two main defensive mechanisms of a Xylotian 'Guardian Orb' drone?,TMC32,0.9882645826101759,0.709090909090909,0.9784577618746235,0.6,1.0,1.0,0.6666666666666666,0.6,1,1.0,10
4,What are the two main defensive mechanisms of a Xylotian 'Guardian Orb' drone?,ContextCite64,0.994861328161704,0.7696969696969697,0.9924213052189838,0.6,1.0,1.0,0.6666666666666666,0.8,1,1.0,10
4,What are the two main defensive mechanisms of a Xylotian 'Guardian Orb' drone?,KernelShap64,0.9954690567311868,0.8666666666666665,0.9999999999999998,0.7777777777777777,1.0,1.0,1.0,0.8,1,1.0,10
4,What are the two main defensive mechanisms of a Xylotian 'Guardian Orb' drone?,WSS64,0.9918101715430687,0.6969696969696969,0.9784577618746235,0.5555555555555555,1.0,1.0,0.6666666666666666,0.8,1,1.0,10
4,What are the two main defensive mechanisms of a Xylotian 'Guardian Orb' drone?,BetaShap (U)64,0.8508897524508925,0.5636363636363636,0.9784577618746235,0.4666666666666666,1.0,1.0,0.6666666666666666,0.6,1,1.0,10
4,What are the two main defensive mechanisms of a Xylotian 'Guardian Orb' drone?,TMC64,0.9909649568087652,0.8060606060606059,0.9784577618746235,0.6888888888888888,1.0,1.0,0.6666666666666666,0.8,1,1.0,10
4,What are the two main defensive mechanisms of a Xylotian 'Guardian Orb' drone?,ContextCite100,0.9967596029728714,0.7939393939393938,0.9924213052189838,0.6444444444444444,1.0,1.0,0.6666666666666666,0.8,1,1.0,10
4,What are the two main defensive mechanisms of a Xylotian 'Guardian Orb' drone?,KernelShap100,0.9971038111667362,0.8060606060606059,0.9999999999999998,0.6888888888888888,1.0,1.0,1.0,0.6,1,1.0,10
4,What are the two main defensive mechanisms of a Xylotian 'Guardian Orb' drone?,WSS100,0.9970710573134329,0.8424242424242423,0.9924213052189838,0.6888888888888888,1.0,1.0,0.6666666666666666,0.8,1,1.0,10
4,What are the two main defensive mechanisms of a Xylotian 'Guardian Orb' drone?,BetaShap (U)100,0.9051857072655969,0.5151515151515151,0.9999999999999998,0.4222222222222222,1.0,1.0,1.0,0.6,1,1.0,10
4,What are the two main defensive mechanisms of a Xylotian 'Guardian Orb' drone?,TMC100,0.9970423466591332,0.9393939393939393,0.9999999999999998,0.8666666666666666,1.0,1.0,1.0,1.0,1,1.0,10
4,What are the two main defensive mechanisms of a Xylotian 'Guardian Orb' drone?,LOO,0.991704419936131,0.4666666666666666,0.9898525423995009,0.37777777777777777,1.0,1.0,0.6666666666666666,0.6,1,1.0,10
5,What are the two primary components used in the creation of 'Lumin-Ink' by Xylotian scribes?,ContextCite32,0.9505684519258115,0.6242424242424242,0.9336616730688663,0.5111111111111111,1.0,1.0,0.6666666666666666,0.8,1,1.0,10
5,What are the two primary components used in the creation of 'Lumin-Ink' by Xylotian scribes?,KernelShap32,0.9697163971622165,0.7212121212121211,1.0,0.5555555555555555,1.0,1.0,1.0,0.8,1,1.0,10
5,What are the two primary components used in the creation of 'Lumin-Ink' by Xylotian scribes?,WSS32,0.7640615296185194,0.8909090909090909,0.8885391321786839,0.7777777777777777,1.0,0.5,0.6666666666666666,1.0,1,1.0,10
5,What are the two primary components used in the creation of 'Lumin-Ink' by Xylotian scribes?,BetaShap (U)32,0.5493820220230534,0.18787878787878787,0.7728646712475685,0.15555555555555553,1.0,0.5,0.6666666666666666,0.6,1,1.0,10
5,What are the two primary components used in the creation of 'Lumin-Ink' by Xylotian scribes?,TMC32,0.9657355473512886,0.5151515151515151,1.0,0.37777777777777777,1.0,1.0,1.0,0.6,1,1.0,10
5,What are the two primary components used in the creation of 'Lumin-Ink' by Xylotian scribes?,ContextCite64,0.9911513846128526,0.7212121212121211,1.0,0.5555555555555555,1.0,1.0,1.0,0.8,1,1.0,10
5,What are the two primary components used in the creation of 'Lumin-Ink' by Xylotian scribes?,KernelShap64,0.9966220182535431,0.8181818181818182,1.0,0.6888888888888888,1.0,1.0,1.0,1.0,1,1.0,10
5,What are the two primary components used in the creation of 'Lumin-Ink' by Xylotian scribes?,WSS64,0.9754656224854579,0.5393939393939393,1.0,0.4666666666666666,1.0,1.0,1.0,0.6,1,1.0,10
5,What are the two primary components used in the creation of 'Lumin-Ink' by Xylotian scribes?,BetaShap (U)64,0.619199372967449,0.2121212121212121,0.6891550227215625,0.1111111111111111,1.0,0.5,0.3333333333333333,0.6,1,1.0,10
5,What are the two primary components used in the creation of 'Lumin-Ink' by Xylotian scribes?,TMC64,0.9622298198017887,0.6363636363636362,1.0,0.5111111111111111,1.0,1.0,1.0,0.8,1,1.0,10
5,What are the two primary components used in the creation of 'Lumin-Ink' by Xylotian scribes?,ContextCite100,0.9967793894855503,0.9151515151515152,1.0,0.8222222222222221,1.0,1.0,1.0,1.0,1,1.0,10
5,What are the two primary components used in the creation of 'Lumin-Ink' by Xylotian scribes?,KernelShap100,0.9941895390868781,0.8909090909090909,1.0,0.7777777777777777,1.0,1.0,1.0,1.0,1,1.0,10
5,What are the two primary components used in the creation of 'Lumin-Ink' by Xylotian scribes?,WSS100,0.993450948952902,0.7333333333333332,1.0,0.6,1.0,1.0,1.0,0.8,1,1.0,10
5,What are the two primary components used in the creation of 'Lumin-Ink' by Xylotian scribes?,BetaShap (U)100,0.8146656769694272,0.5030303030303029,0.7728646712475685,0.4222222222222222,1.0,0.5,0.6666666666666666,0.6,1,1.0,10
5,What are the two primary components used in the creation of 'Lumin-Ink' by Xylotian scribes?,TMC100,0.9889217011419571,0.6606060606060605,1.0,0.5555555555555555,1.0,1.0,1.0,0.8,1,1.0,10
5,What are the two primary components used in the creation of 'Lumin-Ink' by Xylotian scribes?,LOO,0.9546427744122343,0.7454545454545454,0.9336616730688663,0.6,1.0,1.0,0.6666666666666666,0.8,1,1.0,10
6,What two sensory inputs does the 'Pathfinder Helm' integrate for Xylotian explorers?,ContextCite32,0.9957705009468009,0.8424242424242423,0.9980493693923799,0.6888888888888888,1.0,1.0,0.6666666666666666,0.6,1,1.0,10
6,What two sensory inputs does the 'Pathfinder Helm' integrate for Xylotian explorers?,KernelShap32,0.9985549686074264,0.9515151515151514,0.9999999999999998,0.8666666666666666,1.0,1.0,1.0,0.8,1,1.0,10
6,What two sensory inputs does the 'Pathfinder Helm' integrate for Xylotian explorers?,WSS32,0.7998753223862698,0.6242424242424242,0.9829520753897002,0.4222222222222222,1.0,1.0,0.6666666666666666,0.6,1,1.0,10
6,What two sensory inputs does the 'Pathfinder Helm' integrate for Xylotian explorers?,BetaShap (U)32,0.5913477942221651,0.8909090909090909,0.9719993998362201,0.7333333333333333,0.0,1.0,0.6666666666666666,0.8,1,1.0,10
6,What two sensory inputs does the 'Pathfinder Helm' integrate for Xylotian explorers?,TMC32,0.9799422389563113,0.9757575757575757,0.97395003044384,0.911111111111111,0.0,1.0,1.0,1.0,1,1.0,10
6,What two sensory inputs does the 'Pathfinder Helm' integrate for Xylotian explorers?,ContextCite64,0.9979828143507128,0.8666666666666665,0.9980493693923799,0.7333333333333333,1.0,1.0,0.6666666666666666,0.8,1,1.0,10
6,What two sensory inputs does the 'Pathfinder Helm' integrate for Xylotian explorers?,KernelShap64,0.9987600354532803,0.9878787878787878,0.9999999999999998,0.9555555555555554,1.0,1.0,1.0,1.0,1,1.0,10
6,What two sensory inputs does the 'Pathfinder Helm' integrate for Xylotian explorers?,WSS64,0.9976864307410965,0.8666666666666665,0.9980493693923799,0.7333333333333333,1.0,1.0,0.6666666666666666,0.8,1,1.0,10
6,What two sensory inputs does the 'Pathfinder Helm' integrate for Xylotian explorers?,BetaShap (U)64,0.5930849182137977,0.6121212121212121,0.9719993998362201,0.4666666666666666,0.0,1.0,0.6666666666666666,0.8,1,1.0,10
6,What two sensory inputs does the 'Pathfinder Helm' integrate for Xylotian explorers?,TMC64,0.9872027437562642,0.8666666666666665,0.9980493693923799,0.7333333333333333,1.0,1.0,0.6666666666666666,1.0,1,1.0,10
6,What two sensory inputs does the 'Pathfinder Helm' integrate for Xylotian explorers?,ContextCite100,0.997890427505315,0.9393939393939393,0.9980493693923799,0.8222222222222221,1.0,1.0,0.6666666666666666,1.0,1,1.0,10
6,What two sensory inputs does the 'Pathfinder Helm' integrate for Xylotian explorers?,KernelShap100,0.9981948800389946,0.9636363636363635,0.9999999999999998,0.8666666666666666,1.0,1.0,1.0,1.0,1,1.0,10
6,What two sensory inputs does the 'Pathfinder Helm' integrate for Xylotian explorers?,WSS100,0.9983923722383635,0.9636363636363635,0.9999999999999998,0.911111111111111,1.0,1.0,1.0,1.0,1,1.0,10
6,What two sensory inputs does the 'Pathfinder Helm' integrate for Xylotian explorers?,BetaShap (U)100,0.8135182829654737,0.8060606060606059,0.9829520753897002,0.6444444444444444,1.0,1.0,0.6666666666666666,0.8,1,1.0,10
6,What two sensory inputs does the 'Pathfinder Helm' integrate for Xylotian explorers?,TMC100,0.9930109670919942,0.7939393939393938,0.9980493693923799,0.6444444444444444,1.0,1.0,0.6666666666666666,0.8,1,1.0,10
6,What two sensory inputs does the 'Pathfinder Helm' integrate for Xylotian explorers?,LOO,0.9926276677689154,0.5030303030303029,0.9829520753897002,0.37777777777777777,1.0,1.0,0.6666666666666666,0.6,1,1.0,10
7,What two distinct phases define the operation of a Xylotian 'Matter Re-sequencer'?,ContextCite32,0.9924289964001954,0.9030303030303028,0.9961768792018186,0.8222222222222221,1.0,1.0,0.6666666666666666,0.8,1,1.0,10
7,What two distinct phases define the operation of a Xylotian 'Matter Re-sequencer'?,KernelShap32,0.9692577968382801,0.4424242424242424,0.9847321884947876,0.3333333333333333,1.0,1.0,0.6666666666666666,0.6,1,1.0,10
7,What two distinct phases define the operation of a Xylotian 'Matter Re-sequencer'?,WSS32,0.4816508621909316,0.2727272727272727,0.6738201746184543,0.19999999999999998,1.0,0.5,0.3333333333333333,0.6,1,1.0,10
7,What two distinct phases define the operation of a Xylotian 'Matter Re-sequencer'?,BetaShap (U)32,0.549367824772514,0.7212121212121211,0.9961768792018186,0.5555555555555555,1.0,1.0,0.6666666666666666,0.8,1,1.0,10
7,What two distinct phases define the operation of a Xylotian 'Matter Re-sequencer'?,TMC32,0.9428717692992163,0.8787878787878788,1.0,0.7333333333333333,1.0,1.0,1.0,1.0,1,1.0,10
7,What two distinct phases define the operation of a Xylotian 'Matter Re-sequencer'?,ContextCite64,0.9953370102177663,0.8787878787878788,0.9961768792018186,0.7777777777777777,1.0,1.0,0.6666666666666666,0.8,1,1.0,10
7,What two distinct phases define the operation of a Xylotian 'Matter Re-sequencer'?,KernelShap64,0.9902217286912289,0.7696969696969697,0.9847321884947876,0.6444444444444444,1.0,1.0,0.6666666666666666,0.8,1,1.0,10
7,What two distinct phases define the operation of a Xylotian 'Matter Re-sequencer'?,WSS64,0.9893510470060844,0.7939393939393938,0.9961768792018186,0.6444444444444444,1.0,1.0,0.6666666666666666,0.8,1,1.0,10
7,What two distinct phases define the operation of a Xylotian 'Matter Re-sequencer'?,BetaShap (U)64,0.5616121506041097,0.6969696969696969,0.9255271411319329,0.5555555555555555,1.0,0.5,0.6666666666666666,0.8,1,1.0,10
7,What two distinct phases define the operation of a Xylotian 'Matter Re-sequencer'?,TMC64,0.9844643386814537,0.8787878787878788,0.9900472134994239,0.7333333333333333,1.0,1.0,0.6666666666666666,0.8,1,1.0,10
7,What two distinct phases define the operation of a Xylotian 'Matter Re-sequencer'?,ContextCite100,0.9971985827405634,0.9515151515151514,0.9961768792018186,0.8666666666666666,1.0,1.0,0.6666666666666666,0.8,1,1.0,10
7,What two distinct phases define the operation of a Xylotian 'Matter Re-sequencer'?,KernelShap100,0.9944043529497617,0.8424242424242423,0.9847321884947876,0.7333333333333333,1.0,1.0,0.6666666666666666,0.6,1,1.0,10
7,What two distinct phases define the operation of a Xylotian 'Matter Re-sequencer'?,WSS100,0.9923376072697555,0.8545454545454544,0.9961768792018186,0.7333333333333333,1.0,1.0,0.6666666666666666,0.6,1,1.0,10
7,What two distinct phases define the operation of a Xylotian 'Matter Re-sequencer'?,BetaShap (U)100,0.7473304710514502,0.5393939393939393,0.9847321884947876,0.4222222222222222,1.0,1.0,0.6666666666666666,0.4,1,1.0,10
7,What two distinct phases define the operation of a Xylotian 'Matter Re-sequencer'?,TMC100,0.9895043218846005,0.8787878787878788,0.9900472134994239,0.7333333333333333,1.0,1.0,0.6666666666666666,0.8,1,1.0,10
7,What two distinct phases define the operation of a Xylotian 'Matter Re-sequencer'?,LOO,0.9824581561754985,0.6606060606060605,0.9961768792018186,0.6,1.0,1.0,0.6666666666666666,0.8,1,1.0,10
8,What are the two main functions of the 'Aura-Cloak' worn by Xylotian diplomats?,ContextCite32,0.9944068432243026,0.8909090909090909,0.9875746473161156,0.7333333333333333,0.0,1.0,0.6666666666666666,1.0,1,1.0,10
8,What are the two main functions of the 'Aura-Cloak' worn by Xylotian diplomats?,KernelShap32,0.9918309935024257,0.8666666666666665,0.9975244389595211,0.7333333333333333,0.0,1.0,1.0,0.8,1,1.0,10
8,What are the two main functions of the 'Aura-Cloak' worn by Xylotian diplomats?,WSS32,0.8096906285869043,0.41818181818181815,0.9875746473161156,0.28888888888888886,0.0,1.0,0.6666666666666666,0.6,1,1.0,10
8,What are the two main functions of the 'Aura-Cloak' worn by Xylotian diplomats?,BetaShap (U)32,0.8408755434308344,0.3939393939393939,0.9817887013651916,0.28888888888888886,1.0,1.0,0.6666666666666666,0.6,1,1.0,10
8,What are the two main functions of the 'Aura-Cloak' worn by Xylotian diplomats?,TMC32,0.9802600145673945,0.3696969696969697,0.9817887013651916,0.28888888888888886,1.0,1.0,0.6666666666666666,0.6,1,1.0,10
8,What are the two main functions of the 'Aura-Cloak' worn by Xylotian diplomats?,ContextCite64,0.9977374914732124,0.9636363636363635,0.9975244389595211,0.8666666666666666,0.0,1.0,1.0,1.0,1,1.0,10
8,What are the two main functions of the 'Aura-Cloak' worn by Xylotian diplomats?,KernelShap64,0.9954910437898448,0.8909090909090909,0.9975244389595211,0.7777777777777777,0.0,1.0,1.0,1.0,1,1.0,10
8,What are the two main functions of the 'Aura-Cloak' worn by Xylotian diplomats?,WSS64,0.9957017204408334,0.8909090909090909,0.9870024710152249,0.7777777777777777,0.0,1.0,0.6666666666666666,0.8,1,1.0,10
8,What are the two main functions of the 'Aura-Cloak' worn by Xylotian diplomats?,BetaShap (U)64,0.7821787939728275,0.7696969696969697,0.9894780320557037,0.6444444444444444,1.0,1.0,0.6666666666666666,0.8,1,1.0,10
8,What are the two main functions of the 'Aura-Cloak' worn by Xylotian diplomats?,TMC64,0.9914069656646011,0.8060606060606059,0.9870024710152249,0.6,0.0,1.0,0.6666666666666666,0.8,1,1.0,10
8,What are the two main functions of the 'Aura-Cloak' worn by Xylotian diplomats?,ContextCite100,0.9981490273052827,0.9757575757575757,0.9975244389595211,0.911111111111111,0.0,1.0,1.0,1.0,1,1.0,10
8,What are the two main functions of the 'Aura-Cloak' worn by Xylotian diplomats?,KernelShap100,0.9983413045199677,0.9272727272727272,0.9975244389595211,0.8222222222222221,0.0,1.0,1.0,1.0,1,1.0,10
8,What are the two main functions of the 'Aura-Cloak' worn by Xylotian diplomats?,WSS100,0.9976768790651831,0.9636363636363635,0.9975244389595211,0.8666666666666666,0.0,1.0,1.0,1.0,1,1.0,10
8,What are the two main functions of the 'Aura-Cloak' worn by Xylotian diplomats?,BetaShap (U)100,0.9067164999789775,0.5272727272727272,0.9793131403247127,0.37777777777777777,0.0,1.0,0.6666666666666666,0.4,1,1.0,10
8,What are the two main functions of the 'Aura-Cloak' worn by Xylotian diplomats?,TMC100,0.9944981904355477,0.8666666666666665,0.9870024710152249,0.6888888888888888,0.0,1.0,0.6666666666666666,0.8,1,1.0,10
8,What are the two main functions of the 'Aura-Cloak' worn by Xylotian diplomats?,LOO,0.994820274762602,0.6969696969696969,0.9975244389595211,0.5111111111111111,0.0,1.0,1.0,0.6,1,1.0,10
9,What two types of information are encoded onto a Xylotian 'Legacy Crystal'?,ContextCite32,0.9919426848876496,0.7333333333333332,0.9950267573764191,0.6,1.0,1.0,0.6666666666666666,0.8,1,1.0,10
9,What two types of information are encoded onto a Xylotian 'Legacy Crystal'?,KernelShap32,0.9905556516757537,0.7575757575757575,0.9999626187514158,0.6,1.0,1.0,0.6666666666666666,0.8,1,1.0,10
9,What two types of information are encoded onto a Xylotian 'Legacy Crystal'?,WSS32,0.7107398126059418,0.406060606060606,0.9999626187514158,0.3333333333333333,1.0,1.0,0.6666666666666666,0.6,1,1.0,10
9,What two types of information are encoded onto a Xylotian 'Legacy Crystal'?,BetaShap (U)32,0.6791630076285999,0.4787878787878787,0.9664849305637178,0.37777777777777777,0.0,1.0,0.6666666666666666,0.6,1,1.0,10
9,What two types of information are encoded onto a Xylotian 'Legacy Crystal'?,TMC32,0.957942252730926,0.6121212121212121,0.9714581731872988,0.4666666666666666,0.0,1.0,1.0,0.6,1,1.0,10
9,What two types of information are encoded onto a Xylotian 'Legacy Crystal'?,ContextCite64,0.9968015654150927,0.8666666666666665,0.9999626187514158,0.7777777777777777,1.0,1.0,0.6666666666666666,0.8,1,1.0,10
9,What two types of information are encoded onto a Xylotian 'Legacy Crystal'?,KernelShap64,0.9978978357010515,0.8424242424242423,0.9999626187514158,0.7333333333333333,1.0,1.0,0.6666666666666666,0.8,1,1.0,10
9,What two types of information are encoded onto a Xylotian 'Legacy Crystal'?,WSS64,0.9978562030146464,0.8666666666666665,0.9950267573764191,0.6888888888888888,1.0,1.0,0.6666666666666666,0.8,1,1.0,10
9,What two types of information are encoded onto a Xylotian 'Legacy Crystal'?,BetaShap (U)64,0.6804522969378118,0.4545454545454545,0.9664849305637178,0.24444444444444444,0.0,1.0,0.6666666666666666,0.6,1,1.0,10
9,What two types of information are encoded onto a Xylotian 'Legacy Crystal'?,TMC64,0.9805343817183754,0.5757575757575757,0.9664849305637178,0.37777777777777777,0.0,1.0,0.6666666666666666,0.6,1,1.0,10
9,What two types of information are encoded onto a Xylotian 'Legacy Crystal'?,ContextCite100,0.9979028215471952,0.8666666666666665,0.9999626187514158,0.7777777777777777,1.0,1.0,0.6666666666666666,0.8,1,1.0,10
9,What two types of information are encoded onto a Xylotian 'Legacy Crystal'?,KernelShap100,0.9979821367833364,0.7212121212121211,0.9999626187514158,0.6,1.0,1.0,0.6666666666666666,0.6,1,1.0,10
9,What two types of information are encoded onto a Xylotian 'Legacy Crystal'?,WSS100,0.9985963759200241,0.9151515151515152,0.9999626187514158,0.8222222222222221,1.0,1.0,0.6666666666666666,0.8,1,1.0,10
9,What two types of information are encoded onto a Xylotian 'Legacy Crystal'?,BetaShap (U)100,0.7620764181307302,0.5151515151515151,0.9714207919387144,0.37777777777777777,0.0,1.0,0.6666666666666666,0.6,1,1.0,10
9,What two types of information are encoded onto a Xylotian 'Legacy Crystal'?,TMC100,0.9928998795929447,0.8424242424242423,0.9999626187514158,0.7333333333333333,1.0,1.0,0.6666666666666666,1.0,1,1.0,10
9,What two types of information are encoded onto a Xylotian 'Legacy Crystal'?,LOO,0.9895048468603393,0.4424242424242424,0.9950267573764191,0.28888888888888886,1.0,1.0,0.6666666666666666,0.4,1,1.0,10
10,What are the topics of the books Sarah and Michael are reading?,ContextCite32,0.9939710852557393,0.7939393939393938,0.9822207933061549,0.6444444444444444,1.0,1.0,0.6666666666666666,0.8,1,1.0,10
10,What are the topics of the books Sarah and Michael are reading?,KernelShap32,0.9985286867202512,0.9393939393939393,1.0000000000000002,0.8222222222222221,1.0,1.0,1.0,0.8,1,1.0,10
10,What are the topics of the books Sarah and Michael are reading?,WSS32,0.8529477111081651,0.33333333333333326,0.8902887925803891,0.19999999999999998,0.0,1.0,0.6666666666666666,0.6,1,1.0,10
10,What are the topics of the books Sarah and Michael are reading?,BetaShap (U)32,0.9787032642945293,0.4545454545454545,0.97414649594236,0.28888888888888886,1.0,1.0,0.6666666666666666,0.6,1,1.0,10
10,What are the topics of the books Sarah and Michael are reading?,TMC32,0.9899088018240442,0.5393939393939393,0.97414649594236,0.37777777777777777,1.0,1.0,0.6666666666666666,0.6,1,1.0,10
10,What are the topics of the books Sarah and Michael are reading?,ContextCite64,0.9979181367461197,0.9878787878787878,0.9822207933061549,0.9555555555555554,1.0,1.0,0.6666666666666666,1.0,1,1.0,10
10,What are the topics of the books Sarah and Michael are reading?,KernelShap64,0.9970100693701732,0.9878787878787878,1.0000000000000002,0.9555555555555554,1.0,1.0,1.0,0.8,1,1.0,10
10,What are the topics of the books Sarah and Michael are reading?,WSS64,0.9967549137488512,0.9393939393939393,0.9822207933061549,0.8222222222222221,1.0,1.0,0.6666666666666666,0.8,1,1.0,10
10,What are the topics of the books Sarah and Michael are reading?,BetaShap (U)64,0.985111549677618,0.6606060606060605,1.0000000000000002,0.5111111111111111,1.0,1.0,1.0,0.6,1,1.0,10
10,What are the topics of the books Sarah and Michael are reading?,TMC64,0.9976971647651374,0.7454545454545454,1.0000000000000002,0.6,1.0,1.0,1.0,0.6,1,1.0,10
10,What are the topics of the books Sarah and Michael are reading?,ContextCite100,0.9980673777003741,0.9878787878787878,0.9822207933061549,0.9555555555555554,1.0,1.0,0.6666666666666666,1.0,1,1.0,10
10,What are the topics of the books Sarah and Michael are reading?,KernelShap100,0.9969528194313426,0.9393939393939393,1.0000000000000002,0.8666666666666666,1.0,1.0,1.0,0.8,1,1.0,10
10,What are the topics of the books Sarah and Michael are reading?,WSS100,0.9969697272179321,0.9757575757575757,0.9822207933061549,0.911111111111111,1.0,1.0,0.6666666666666666,1.0,1,1.0,10
10,What are the topics of the books Sarah and Michael are reading?,BetaShap (U)100,0.9898346922705665,0.6606060606060605,0.9719820858299796,0.5111111111111111,1.0,1.0,0.6666666666666666,0.6,1,1.0,10
10,What are the topics of the books Sarah and Michael are reading?,TMC100,0.9977288227664256,0.7696969696969697,1.0000000000000002,0.6444444444444444,1.0,1.0,1.0,0.6,1,1.0,10
10,What are the topics of the books Sarah and Michael are reading?,LOO,0.9943944521843577,0.8545454545454544,0.9822207933061549,0.7333333333333333,1.0,1.0,0.6666666666666666,1.0,1,1.0,10
11,Where did the family go on Saturday and what did they do?,ContextCite32,0.9950946860442689,0.5757575757575757,0.9634435313302443,0.4222222222222222,1.0,0.5,0.3333333333333333,0.8,1,1.0,10
11,Where did the family go on Saturday and what did they do?,KernelShap32,0.9977754714107511,0.8303030303030302,0.9852685775109286,0.6444444444444444,1.0,0.5,0.6666666666666666,0.8,1,1.0,10
11,Where did the family go on Saturday and what did they do?,WSS32,0.8441054602206639,0.38181818181818183,0.954276328056492,0.28888888888888886,1.0,0.5,0.3333333333333333,0.6,1,1.0,10
11,Where did the family go on Saturday and what did they do?,BetaShap (U)32,0.9908206712458631,0.6969696969696969,0.9805754731504597,0.6,1.0,1.0,0.6666666666666666,0.8,1,1.0,10
11,Where did the family go on Saturday and what did they do?,TMC32,0.9960803298984547,0.6363636363636362,0.9788778178592326,0.5111111111111111,1.0,0.5,0.6666666666666666,0.6,1,1.0,10
11,Where did the family go on Saturday and what did they do?,ContextCite64,0.9976979620550073,0.6606060606060605,0.9805754731504597,0.5111111111111111,1.0,1.0,0.6666666666666666,0.6,1,1.0,10
11,Where did the family go on Saturday and what did they do?,KernelShap64,0.9989128155095375,0.8787878787878788,1.0000000000000002,0.7333333333333333,1.0,1.0,1.0,0.6,1,1.0,10
11,Where did the family go on Saturday and what did they do?,WSS64,0.9963345170109797,0.7818181818181817,0.9816506244764498,0.6444444444444444,1.0,1.0,0.6666666666666666,0.8,1,1.0,10
11,Where did the family go on Saturday and what did they do?,BetaShap (U)64,0.9727959127703315,0.709090909090909,0.968823709168516,0.6,1.0,0.5,0.3333333333333333,0.8,1,1.0,10
11,Where did the family go on Saturday and what did they do?,TMC64,0.9949437712281903,0.6727272727272726,0.9788778178592326,0.5111111111111111,1.0,0.5,0.6666666666666666,0.8,1,1.0,10
11,Where did the family go on Saturday and what did they do?,ContextCite100,0.9973748708266137,0.8060606060606059,0.9816506244764498,0.6888888888888888,1.0,1.0,0.6666666666666666,0.6,1,1.0,10
11,Where did the family go on Saturday and what did they do?,KernelShap100,0.9994521698427931,0.9151515151515152,1.0000000000000002,0.8222222222222221,1.0,1.0,1.0,0.8,1,1.0,10
11,Where did the family go on Saturday and what did they do?,WSS100,0.9974189144043129,0.8424242424242423,1.0000000000000002,0.6888888888888888,1.0,1.0,1.0,0.8,1,1.0,10
11,Where did the family go on Saturday and what did they do?,BetaShap (U)100,0.9730595755938425,0.8666666666666665,0.9866856300488696,0.7333333333333333,1.0,0.5,0.6666666666666666,0.8,1,1.0,10
11,Where did the family go on Saturday and what did they do?,TMC100,0.9974099422262328,0.8424242424242423,0.9835551316575877,0.6444444444444444,1.0,1.0,0.6666666666666666,0.8,1,1.0,10
11,Where did the family go on Saturday and what did they do?,LOO,0.991292967529551,0.35757575757575755,0.9805754731504597,0.24444444444444444,1.0,1.0,0.6666666666666666,0.6,1,1.0,10
12,What colors did Alex use to paint his toy car?,ContextCite32,0.8219342275707697,0.8666666666666665,0.9339234283267092,0.6888888888888888,1.0,0.5,1.0,0.8,1,1.0,10
12,What colors did Alex use to paint his toy car?,KernelShap32,0.9331421225112912,0.1515151515151515,0.9863324789900282,0.06666666666666667,1.0,1.0,0.6666666666666666,0.4,1,1.0,10
12,What colors did Alex use to paint his toy car?,WSS32,0.9117664701542141,0.5878787878787878,1.0,0.4666666666666666,1.0,1.0,1.0,0.8,1,1.0,10
12,What colors did Alex use to paint his toy car?,BetaShap (U)32,-0.8159246372978005,-0.6363636363636362,0.0,-0.4666666666666666,0.0,0.0,0.0,0.2,1,1.0,10
12,What colors did Alex use to paint his toy car?,TMC32,0.9100205563672825,0.4424242424242424,0.9863324789900282,0.37777777777777777,1.0,1.0,0.6666666666666666,0.6,1,1.0,10
12,What colors did Alex use to paint his toy car?,ContextCite64,0.9758898767766359,0.8909090909090909,0.9863324789900282,0.7777777777777777,1.0,1.0,0.6666666666666666,1.0,1,1.0,10
12,What colors did Alex use to paint his toy car?,KernelShap64,0.9700357681154402,0.2606060606060606,0.9863324789900282,0.19999999999999998,1.0,1.0,0.6666666666666666,0.6,1,1.0,10
12,What colors did Alex use to paint his toy car?,WSS64,0.9986840626569758,0.6242424242424242,1.0,0.5111111111111111,1.0,1.0,1.0,0.8,1,1.0,10
12,What colors did Alex use to paint his toy car?,BetaShap (U)64,-0.3323874880288524,-0.6,0.0,-0.4666666666666666,0.0,0.0,0.0,0.2,1,0.3333333333333333,10
12,What colors did Alex use to paint his toy car?,TMC64,0.8904501210527568,0.23636363636363633,0.9425362133848117,0.1111111111111111,0.0,1.0,0.6666666666666666,0.6,1,1.0,10
12,What colors did Alex use to paint his toy car?,ContextCite100,0.9839666386367223,0.7575757575757575,1.0,0.6,1.0,1.0,1.0,0.8,1,1.0,10
12,What colors did Alex use to paint his toy car?,KernelShap100,0.9876088302653834,0.2606060606060606,0.9863324789900282,0.15555555555555553,1.0,1.0,0.6666666666666666,0.6,1,1.0,10
12,What colors did Alex use to paint his toy car?,WSS100,0.9993123898648726,0.6242424242424242,1.0,0.4666666666666666,1.0,1.0,1.0,0.8,1,1.0,10
12,What colors did Alex use to paint his toy car?,BetaShap (U)100,0.502823852827999,0.3696969696969697,0.5320069738832262,0.28888888888888886,0.0,0.5,0.3333333333333333,0.6,1,1.0,10
12,What colors did Alex use to paint his toy car?,TMC100,0.9654497883332519,0.43030303030303024,0.9425362133848117,0.28888888888888886,0.0,1.0,0.6666666666666666,0.6,1,1.0,10
12,What colors did Alex use to paint his toy car?,LOO,0.9939653406563971,0.7333333333333332,0.9863324789900282,0.6,1.0,1.0,0.6666666666666666,0.6,1,1.0,10
13,What special abilities do the Gleepglorp and the Flumph from planet Xylar possess?,ContextCite32,0.9977910264045505,0.8666666666666665,1.0,0.7777777777777777,1.0,1.0,1.0,0.8,1,1.0,10
13,What special abilities do the Gleepglorp and the Flumph from planet Xylar possess?,KernelShap32,0.9985648868394916,0.6969696969696969,0.9861042614460657,0.5555555555555555,1.0,1.0,0.6666666666666666,0.6,1,1.0,10
13,What special abilities do the Gleepglorp and the Flumph from planet Xylar possess?,WSS32,0.8657540048781851,0.6,0.9430915467723322,0.4666666666666666,0.0,1.0,0.6666666666666666,0.6,1,1.0,10
13,What special abilities do the Gleepglorp and the Flumph from planet Xylar possess?,BetaShap (U)32,0.9715836894835922,0.6121212121212121,0.9814156769227822,0.5555555555555555,1.0,1.0,0.6666666666666666,0.8,1,1.0,10
13,What special abilities do the Gleepglorp and the Flumph from planet Xylar possess?,TMC32,0.9874850580799801,0.6242424242424242,0.9814156769227822,0.6,1.0,1.0,0.6666666666666666,0.8,1,1.0,10
13,What special abilities do the Gleepglorp and the Flumph from planet Xylar possess?,ContextCite64,0.9991108430732072,0.9030303030303028,1.0,0.8222222222222221,1.0,1.0,1.0,0.8,1,1.0,10
13,What special abilities do the Gleepglorp and the Flumph from planet Xylar possess?,KernelShap64,0.9983590559101108,0.6484848484848483,0.9855126441966788,0.5111111111111111,1.0,1.0,0.6666666666666666,0.8,1,1.0,10
13,What special abilities do the Gleepglorp and the Flumph from planet Xylar possess?,WSS64,0.9985770143288322,0.7454545454545454,0.9861042614460657,0.6,1.0,1.0,0.6666666666666666,0.8,1,1.0,10
13,What special abilities do the Gleepglorp and the Flumph from planet Xylar possess?,BetaShap (U)64,0.9331560491371393,0.5515151515151515,0.9921065030287404,0.4222222222222222,1.0,1.0,0.6666666666666666,0.6,1,1.0,10
13,What special abilities do the Gleepglorp and the Flumph from planet Xylar possess?,TMC64,0.9953236422061977,0.5272727272727272,0.9855126441966788,0.4222222222222222,1.0,1.0,0.6666666666666666,0.6,1,1.0,10
13,What special abilities do the Gleepglorp and the Flumph from planet Xylar possess?,ContextCite100,0.9996192877566501,0.9030303030303028,1.0,0.8222222222222221,1.0,1.0,1.0,0.8,1,1.0,10
13,What special abilities do the Gleepglorp and the Flumph from planet Xylar possess?,KernelShap100,0.9989911986401545,0.8303030303030302,1.0,0.6888888888888888,1.0,1.0,1.0,0.8,1,1.0,10
13,What special abilities do the Gleepglorp and the Flumph from planet Xylar possess?,WSS100,0.9992334210144153,0.9636363636363635,1.0,0.911111111111111,1.0,1.0,1.0,1.0,1,1.0,10
13,What special abilities do the Gleepglorp and the Flumph from planet Xylar possess?,BetaShap (U)100,0.9177543712012206,0.6242424242424242,0.9921065030287404,0.5111111111111111,1.0,1.0,0.6666666666666666,0.6,1,1.0,10
13,What special abilities do the Gleepglorp and the Flumph from planet Xylar possess?,TMC100,0.9959257772216246,0.5272727272727272,0.9855126441966788,0.4222222222222222,1.0,1.0,0.6666666666666666,0.6,1,1.0,10
13,What special abilities do the Gleepglorp and the Flumph from planet Xylar possess?,LOO,0.9990104236343367,0.6,1.0,0.4666666666666666,1.0,1.0,1.0,0.6,1,1.0,10
14,What distinct characteristics do elephants have?,ContextCite32,0.9917319489703842,0.4666666666666666,0.9830686689970084,0.37777777777777777,1.0,0.5,0.3333333333333333,0.6,1,1.0,10
14,What distinct characteristics do elephants have?,KernelShap32,0.9871060615827116,0.6242424242424242,0.9900372627868429,0.5111111111111111,1.0,0.5,0.6666666666666666,0.6,1,1.0,10
14,What distinct characteristics do elephants have?,WSS32,0.8691689707604434,0.4545454545454545,0.9847492454289838,0.3333333333333333,1.0,0.5,0.3333333333333333,0.8,1,1.0,10
14,What distinct characteristics do elephants have?,BetaShap (U)32,0.8300845811259445,0.006060606060606061,0.9484157331918922,0.022222222222222223,1.0,0.5,0.3333333333333333,0.4,1,1.0,10
14,What distinct characteristics do elephants have?,TMC32,0.9525458095051342,0.6969696969696969,0.9826834069410143,0.5555555555555555,1.0,0.5,0.3333333333333333,0.8,1,1.0,10
14,What distinct characteristics do elephants have?,ContextCite64,0.9965690880114288,0.709090909090909,0.9830686689970084,0.5555555555555555,1.0,0.5,0.3333333333333333,0.8,1,1.0,10
14,What distinct characteristics do elephants have?,KernelShap64,0.9974072889208904,0.8181818181818182,0.9900372627868429,0.6888888888888888,1.0,0.5,0.6666666666666666,0.8,1,1.0,10
14,What distinct characteristics do elephants have?,WSS64,0.9957667859223334,0.4787878787878787,0.9830686689970084,0.3333333333333333,1.0,0.5,0.3333333333333333,0.4,1,1.0,10
14,What distinct characteristics do elephants have?,BetaShap (U)64,0.7795919148219765,0.3939393939393939,0.9832523325639173,0.19999999999999998,1.0,0.5,0.3333333333333333,0.6,1,1.0,10
14,What distinct characteristics do elephants have?,TMC64,0.9736892234704491,0.7939393939393938,0.9847492454289838,0.6444444444444444,1.0,0.5,0.3333333333333333,0.8,1,1.0,10
14,What distinct characteristics do elephants have?,ContextCite100,0.9989336613223708,0.709090909090909,0.9826834069410143,0.5111111111111111,1.0,0.5,0.3333333333333333,0.8,1,1.0,10
14,What distinct characteristics do elephants have?,KernelShap100,0.9991470713443217,0.9030303030303028,0.9890198491368118,0.7777777777777777,1.0,0.5,0.6666666666666666,1.0,1,1.0,10
14,What distinct characteristics do elephants have?,WSS100,0.9985840935698005,0.7696969696969697,0.9848291945291273,0.6444444444444444,1.0,0.5,0.3333333333333333,0.8,1,1.0,10
14,What distinct characteristics do elephants have?,BetaShap (U)100,0.6286300560584571,0.32121212121212117,0.9788564702451844,0.19999999999999998,1.0,0.5,0.6666666666666666,0.6,1,1.0,10
14,What distinct characteristics do elephants have?,TMC100,0.980551691575891,0.709090909090909,0.9847492454289838,0.5555555555555555,1.0,0.5,0.3333333333333333,0.8,1,1.0,10
14,What distinct characteristics do elephants have?,LOO,0.9738199870175451,0.8545454545454544,0.9886345870808178,0.7333333333333333,1.0,0.5,0.6666666666666666,0.8,1,1.0,10
15,What are the key ingredients needed for a cake recipe?,ContextCite32,0.9887061525672565,0.8181818181818182,0.9904869606738169,0.7333333333333333,1.0,0.5,0.6666666666666666,0.6,1,1.0,10
15,What are the key ingredients needed for a cake recipe?,KernelShap32,0.9864288748981421,0.7696969696969697,0.9543795243625345,0.6,1.0,0.5,0.3333333333333333,0.8,1,1.0,10
15,What are the key ingredients needed for a cake recipe?,WSS32,0.9390012982701352,0.7575757575757575,0.9691093077945918,0.6,1.0,0.5,0.6666666666666666,0.6,1,1.0,10
15,What are the key ingredients needed for a cake recipe?,BetaShap (U)32,0.9755583863862664,0.6969696969696969,0.9927631866039451,0.5111111111111111,1.0,1.0,0.6666666666666666,0.6,1,1.0,10
15,What are the key ingredients needed for a cake recipe?,TMC32,0.9673808878177915,0.6727272727272726,0.97138553372472,0.5111111111111111,1.0,1.0,0.6666666666666666,0.6,1,1.0,10
15,What are the key ingredients needed for a cake recipe?,ContextCite64,0.9958631899871679,0.7696969696969697,0.9904869606738169,0.6444444444444444,1.0,0.5,0.6666666666666666,0.6,1,1.0,10
15,What are the key ingredients needed for a cake recipe?,KernelShap64,0.9894120875275276,0.6121212121212121,0.9543795243625345,0.5111111111111111,1.0,0.5,0.3333333333333333,0.6,1,1.0,10
15,What are the key ingredients needed for a cake recipe?,WSS64,0.9867542551857257,0.7454545454545454,0.9616163377585892,0.6444444444444444,1.0,0.5,0.6666666666666666,0.6,1,1.0,10
15,What are the key ingredients needed for a cake recipe?,BetaShap (U)64,0.9274773490143994,0.6848484848484848,0.9903957986558521,0.5111111111111111,1.0,0.5,0.6666666666666666,0.8,1,1.0,10
15,What are the key ingredients needed for a cake recipe?,TMC64,0.9692605963288587,0.7454545454545454,0.9599774660093608,0.6444444444444444,1.0,0.5,0.3333333333333333,0.8,1,1.0,10
15,What are the key ingredients needed for a cake recipe?,ContextCite100,0.9958738064675715,0.7818181818181817,0.9904869606738169,0.6888888888888888,1.0,0.5,0.6666666666666666,0.8,1,1.0,10
15,What are the key ingredients needed for a cake recipe?,KernelShap100,0.9936629887245565,0.6727272727272726,0.9599774660093608,0.5555555555555555,1.0,0.5,0.3333333333333333,0.6,1,1.0,10
15,What are the key ingredients needed for a cake recipe?,WSS100,0.9951348828175761,0.8666666666666665,0.9885919322846408,0.7333333333333333,1.0,0.5,0.6666666666666666,0.8,1,1.0,10
15,What are the key ingredients needed for a cake recipe?,BetaShap (U)100,0.916729587804608,0.4787878787878787,0.97138553372472,0.37777777777777777,1.0,1.0,0.6666666666666666,0.6,1,1.0,10
15,What are the key ingredients needed for a cake recipe?,TMC100,0.9880423634802223,0.8060606060606059,0.9927631866039451,0.6888888888888888,1.0,1.0,0.6666666666666666,0.8,1,1.0,10
15,What are the key ingredients needed for a cake recipe?,LOO,0.9932501241329801,0.8787878787878788,0.9995276404410831,0.7333333333333333,1.0,0.5,1.0,0.8,1,1.0,10
16,Which tools does a carpenter use and what are their stated purposes?,ContextCite32,0.9940082510547547,0.6121212121212121,0.9942626672118315,0.5111111111111111,1.0,0.5,0.6666666666666666,0.6,1,1.0,10
16,Which tools does a carpenter use and what are their stated purposes?,KernelShap32,0.9867931224233374,0.6484848484848483,0.9896344616017981,0.5111111111111111,1.0,0.5,0.3333333333333333,0.6,1,1.0,10
16,Which tools does a carpenter use and what are their stated purposes?,WSS32,0.8506556914227688,0.6121212121212121,0.9802929621186917,0.4222222222222222,1.0,0.5,0.6666666666666666,0.6,1,1.0,10
16,Which tools does a carpenter use and what are their stated purposes?,BetaShap (U)32,0.7941018559985097,-0.07878787878787878,0.9127110399150098,-0.1111111111111111,1.0,0.5,0.3333333333333333,0.4,1,1.0,10
16,Which tools does a carpenter use and what are their stated purposes?,TMC32,0.861577337743525,0.2606060606060606,0.9778853596437737,0.15555555555555553,1.0,0.5,0.3333333333333333,0.4,1,1.0,10
16,Which tools does a carpenter use and what are their stated purposes?,ContextCite64,0.9907297317790102,0.41818181818181815,0.9600653892781814,0.28888888888888886,1.0,0.5,0.3333333333333333,0.6,1,1.0,10
16,Which tools does a carpenter use and what are their stated purposes?,KernelShap64,0.9899221782489359,0.6606060606060605,0.9930435867930787,0.5111111111111111,1.0,0.5,0.6666666666666666,0.6,1,1.0,10
16,Which tools does a carpenter use and what are their stated purposes?,WSS64,0.9719896039961871,0.06666666666666665,0.9348900648120644,-0.022222222222222223,1.0,0.5,0.3333333333333333,0.2,1,1.0,10
16,Which tools does a carpenter use and what are their stated purposes?,BetaShap (U)64,0.7713679845260697,0.22424242424242422,0.986103669874852,0.19999999999999998,1.0,1.0,0.6666666666666666,0.4,1,1.0,10
16,Which tools does a carpenter use and what are their stated purposes?,TMC64,0.9675534718724068,0.3939393939393939,0.9698962208313644,0.28888888888888886,1.0,0.5,0.3333333333333333,0.6,1,1.0,10
16,Which tools does a carpenter use and what are their stated purposes?,ContextCite100,0.9915682272294699,0.34545454545454546,0.9671481625789704,0.15555555555555553,1.0,0.5,0.3333333333333333,0.4,1,1.0,10
16,Which tools does a carpenter use and what are their stated purposes?,KernelShap100,0.9947413004512906,0.7818181818181817,0.994844339272688,0.6444444444444444,1.0,1.0,0.6666666666666666,0.6,1,1.0,10
16,Which tools does a carpenter use and what are their stated purposes?,WSS100,0.9914059275645337,0.38181818181818183,0.9600653892781814,0.24444444444444444,1.0,0.5,0.3333333333333333,0.6,1,1.0,10
16,Which tools does a carpenter use and what are their stated purposes?,BetaShap (U)100,0.5765735721248165,0.34545454545454546,0.9964344888103254,0.3333333333333333,1.0,1.0,0.6666666666666666,0.6,1,1.0,10
16,Which tools does a carpenter use and what are their stated purposes?,TMC100,0.9754240692492737,0.32121212121212117,0.9584074931811344,0.24444444444444444,1.0,0.5,0.3333333333333333,0.6,1,1.0,10
16,Which tools does a carpenter use and what are their stated purposes?,LOO,0.9867356406723212,0.23636363636363633,0.9745625494885998,0.1111111111111111,1.0,0.5,0.3333333333333333,0.4,1,1.0,10
17,Where are the Orb of Zinthar and the Scepter of Mydor believed to be located?,ContextCite32,0.9863359773223721,0.709090909090909,1.0,0.5555555555555555,1.0,1.0,1.0,0.6,1,1.0,10
17,Where are the Orb of Zinthar and the Scepter of Mydor believed to be located?,KernelShap32,0.9971779634026381,0.9030303030303028,0.9890572970769057,0.7777777777777777,1.0,1.0,0.6666666666666666,0.8,1,1.0,10
17,Where are the Orb of Zinthar and the Scepter of Mydor believed to be located?,WSS32,0.8107502993812729,0.7575757575757575,0.9600441699098943,0.5555555555555555,0.0,1.0,0.6666666666666666,0.6,1,1.0,10
17,Where are the Orb of Zinthar and the Scepter of Mydor believed to be located?,BetaShap (U)32,0.9891856150154941,0.7333333333333332,0.9812997655358002,0.6444444444444444,1.0,1.0,0.6666666666666666,0.6,1,1.0,10
17,Where are the Orb of Zinthar and the Scepter of Mydor believed to be located?,TMC32,0.990831327155614,0.9030303030303028,0.9812997655358002,0.7777777777777777,1.0,1.0,0.6666666666666666,0.8,1,1.0,10
17,Where are the Orb of Zinthar and the Scepter of Mydor believed to be located?,ContextCite64,0.9987914509616249,0.9393939393939393,1.0,0.8222222222222221,1.0,1.0,1.0,0.8,1,1.0,10
17,Where are the Orb of Zinthar and the Scepter of Mydor believed to be located?,KernelShap64,0.9980481840719402,0.9515151515151514,1.0,0.8666666666666666,1.0,1.0,1.0,0.8,1,1.0,10
17,Where are the Orb of Zinthar and the Scepter of Mydor believed to be located?,WSS64,0.9956094134502782,0.9393939393939393,1.0,0.8222222222222221,1.0,1.0,1.0,1.0,1,1.0,10
17,Where are the Orb of Zinthar and the Scepter of Mydor believed to be located?,BetaShap (U)64,0.9707273963054731,0.7575757575757575,1.0,0.6,1.0,1.0,1.0,0.8,1,1.0,10
17,Where are the Orb of Zinthar and the Scepter of Mydor believed to be located?,TMC64,0.9830997212441974,0.8666666666666665,1.0,0.7333333333333333,1.0,1.0,1.0,0.6,1,1.0,10
17,Where are the Orb of Zinthar and the Scepter of Mydor believed to be located?,ContextCite100,0.9982425628025888,0.9151515151515152,1.0,0.7777777777777777,1.0,1.0,1.0,0.8,1,1.0,10
17,Where are the Orb of Zinthar and the Scepter of Mydor believed to be located?,KernelShap100,0.9981822669073565,0.9515151515151514,1.0,0.8666666666666666,1.0,1.0,1.0,0.8,1,1.0,10
17,Where are the Orb of Zinthar and the Scepter of Mydor believed to be located?,WSS100,0.9991588015081299,0.9757575757575757,1.0,0.911111111111111,1.0,1.0,1.0,0.8,1,1.0,10
17,Where are the Orb of Zinthar and the Scepter of Mydor believed to be located?,BetaShap (U)100,0.9570678437854925,0.7818181818181817,0.9787444043740939,0.6,0.0,1.0,1.0,1.0,1,1.0,10
17,Where are the Orb of Zinthar and the Scepter of Mydor believed to be located?,TMC100,0.9974663358037533,0.9515151515151514,1.0,0.8666666666666666,1.0,1.0,1.0,0.8,1,1.0,10
17,Where are the Orb of Zinthar and the Scepter of Mydor believed to be located?,LOO,0.9843968809159488,0.5151515151515151,0.9812997655358002,0.4222222222222222,1.0,1.0,0.6666666666666666,0.6,1,1.0,10
18,What are the roles or professions of Elara Vayne and Jax Korden?,ContextCite32,0.9972913191623975,0.6930123197952736,0.9994416933964587,0.5843065474681431,0.0,1.0,1.0,0.6,1,1.0,10
18,What are the roles or professions of Elara Vayne and Jax Korden?,KernelShap32,0.9988476773143,0.9030303030303028,0.9994416933964587,0.7333333333333333,0.0,1.0,1.0,0.8,1,1.0,10
18,What are the roles or professions of Elara Vayne and Jax Korden?,WSS32,0.8886970238528682,0.8060606060606059,0.9777440879282785,0.6444444444444444,0.0,1.0,0.6666666666666666,0.8,1,1.0,10
18,What are the roles or professions of Elara Vayne and Jax Korden?,BetaShap (U)32,0.9946642504420529,0.8666666666666665,1.0,0.7777777777777777,1.0,1.0,1.0,0.8,1,1.0,10
18,What are the roles or professions of Elara Vayne and Jax Korden?,TMC32,0.9988710636679932,0.8666666666666665,1.0,0.7333333333333333,1.0,1.0,1.0,0.8,1,1.0,10
18,What are the roles or professions of Elara Vayne and Jax Korden?,ContextCite64,0.9980242961048675,0.8545454545454544,0.9994416933964587,0.7333333333333333,0.0,1.0,1.0,0.6,1,1.0,10
18,What are the roles or professions of Elara Vayne and Jax Korden?,KernelShap64,0.9996283319649779,0.9393939393939393,0.9994416933964587,0.8222222222222221,0.0,1.0,1.0,0.8,1,1.0,10
18,What are the roles or professions of Elara Vayne and Jax Korden?,WSS64,0.9986706924098518,0.9393939393939393,0.9994416933964587,0.8222222222222221,0.0,1.0,1.0,0.8,1,1.0,10
18,What are the roles or professions of Elara Vayne and Jax Korden?,BetaShap (U)64,0.9918192778403423,0.7939393939393938,0.9799958003126966,0.6444444444444444,1.0,1.0,0.6666666666666666,0.8,1,1.0,10
18,What are the roles or professions of Elara Vayne and Jax Korden?,TMC64,0.9981964477658651,0.9393939393939393,0.9878089448194017,0.8222222222222221,1.0,1.0,0.6666666666666666,1.0,1,1.0,10
18,What are the roles or professions of Elara Vayne and Jax Korden?,ContextCite100,0.9990581240467674,0.9272727272727272,0.9994416933964587,0.8222222222222221,0.0,1.0,1.0,0.8,1,1.0,10
18,What are the roles or professions of Elara Vayne and Jax Korden?,KernelShap100,0.999825831712833,0.9757575757575757,0.9994416933964587,0.911111111111111,0.0,1.0,1.0,1.0,1,1.0,10
18,What are the roles or professions of Elara Vayne and Jax Korden?,WSS100,0.9992345237021321,0.8666666666666665,0.9994416933964587,0.6888888888888888,0.0,1.0,1.0,0.6,1,1.0,10
18,What are the roles or professions of Elara Vayne and Jax Korden?,BetaShap (U)100,0.9824017937492053,0.8545454545454544,0.9878089448194017,0.7333333333333333,1.0,1.0,0.6666666666666666,0.8,1,1.0,10
18,What are the roles or professions of Elara Vayne and Jax Korden?,TMC100,0.9986827575148137,0.9636363636363635,0.9878089448194017,0.8666666666666666,1.0,1.0,0.6666666666666666,1.0,1,1.0,10
18,What are the roles or professions of Elara Vayne and Jax Korden?,LOO,0.996960643401253,0.7575757575757575,0.9872506382158606,0.6,0.0,1.0,0.6666666666666666,0.6,1,1.0,10
19,What are the primary uses described for the 'Chrono-Modulator' or for the 'Bio-Harmonizer'?,ContextCite32,0.9985374426406955,0.8060606060606059,0.9955062397432088,0.6888888888888888,1.0,1.0,0.6666666666666666,0.8,1,1.0,10
19,What are the primary uses described for the 'Chrono-Modulator' or for the 'Bio-Harmonizer'?,KernelShap32,0.9985325315981265,0.6727272727272726,0.9970891677333499,0.6,1.0,1.0,0.6666666666666666,0.8,1,1.0,10
19,What are the primary uses described for the 'Chrono-Modulator' or for the 'Bio-Harmonizer'?,WSS32,0.8963790905240154,0.28484848484848485,0.9962505413899497,0.19999999999999998,1.0,1.0,0.6666666666666666,0.4,1,1.0,10
19,What are the primary uses described for the 'Chrono-Modulator' or for the 'Bio-Harmonizer'?,BetaShap (U)32,0.9992173334508455,0.6242424242424242,0.9955062397432088,0.4666666666666666,1.0,1.0,0.6666666666666666,0.8,1,1.0,10
19,What are the primary uses described for the 'Chrono-Modulator' or for the 'Bio-Harmonizer'?,TMC32,0.9995073890514673,0.8060606060606059,0.9984983659607317,0.6444444444444444,1.0,1.0,0.6666666666666666,0.8,1,1.0,10
19,What are the primary uses described for the 'Chrono-Modulator' or for the 'Bio-Harmonizer'?,ContextCite64,0.9994742797880348,0.9030303030303028,1.0,0.8222222222222221,1.0,1.0,1.0,0.8,1,1.0,10
19,What are the primary uses described for the 'Chrono-Modulator' or for the 'Bio-Harmonizer'?,KernelShap64,0.9990798582677418,0.6969696969696969,0.9970891677333499,0.5555555555555555,1.0,1.0,0.6666666666666666,0.8,1,1.0,10
19,What are the primary uses described for the 'Chrono-Modulator' or for the 'Bio-Harmonizer'?,WSS64,0.9993452614899554,0.7818181818181817,0.9970891677333499,0.6,1.0,1.0,0.6666666666666666,0.8,1,1.0,10
19,What are the primary uses described for the 'Chrono-Modulator' or for the 'Bio-Harmonizer'?,BetaShap (U)64,0.997627402052403,0.7212121212121211,0.9984983659607317,0.6444444444444444,1.0,1.0,0.6666666666666666,0.8,1,1.0,10
19,What are the primary uses described for the 'Chrono-Modulator' or for the 'Bio-Harmonizer'?,TMC64,0.9994640618016688,0.7575757575757575,0.9970891677333499,0.6444444444444444,1.0,1.0,0.6666666666666666,0.8,1,1.0,10
19,What are the primary uses described for the 'Chrono-Modulator' or for the 'Bio-Harmonizer'?,ContextCite100,0.9993269703835108,0.6969696969696969,1.0,0.5555555555555555,1.0,1.0,1.0,0.6,1,1.0,10
19,What are the primary uses described for the 'Chrono-Modulator' or for the 'Bio-Harmonizer'?,KernelShap100,0.9995991560629671,0.7212121212121211,0.9970891677333499,0.6,1.0,1.0,0.6666666666666666,0.6,1,1.0,10
19,What are the primary uses described for the 'Chrono-Modulator' or for the 'Bio-Harmonizer'?,WSS100,0.9991139029618634,0.6121212121212121,0.9955062397432088,0.5111111111111111,1.0,1.0,0.6666666666666666,0.6,1,1.0,10
19,What are the primary uses described for the 'Chrono-Modulator' or for the 'Bio-Harmonizer'?,BetaShap (U)100,0.9945388925626248,0.7939393939393938,0.9984983659607317,0.6888888888888888,1.0,1.0,0.6666666666666666,0.8,1,1.0,10
19,What are the primary uses described for the 'Chrono-Modulator' or for the 'Bio-Harmonizer'?,TMC100,0.9998146482852195,0.9393939393939393,0.9970891677333499,0.8222222222222221,1.0,1.0,0.6666666666666666,1.0,1,1.0,10
19,What are the primary uses described for the 'Chrono-Modulator' or for the 'Bio-Harmonizer'?,LOO,0.9990404049291541,0.4424242424242424,0.9984983659607317,0.3333333333333333,1.0,1.0,0.6666666666666666,0.6,1,1.0,10
